Qubits,Eve_Rate_Percent,Noise_Rate_Percent,QBER_Percent,Key_Length,Eve_Intercepted,Noise_Errors,Execution_Time
1000,0.0,0.0,0.0,496,0,0,0.0015101432800292969
1000,0.0,1.0,0.6048387096774194,496,0,7,0.002393007278442383
1000,0.0,5.0,4.382470119521913,502,0,50,0.0030400753021240234
1000,0.0,10.0,9.917355371900827,484,0,100,0.0
1000,0.0,20.0,23.34710743801653,484,0,224,0.0
1000,25.0,0.0,6.382978723404255,517,249,0,0.007558107376098633
1000,25.0,1.0,6.189555125725339,517,232,8,0.002777099609375
1000,25.0,5.0,11.811023622047244,508,243,46,0.002656221389770508
1000,25.0,10.0,17.355371900826448,484,249,116,0.001401662826538086
1000,25.0,20.0,24.43991853360489,491,258,206,0.002146005630493164
1000,50.0,0.0,10.944206008583691,466,513,0,0.004575967788696289
1000,50.0,1.0,15.071283095723015,491,483,8,0.0011293888092041016
1000,50.0,5.0,18.571428571428573,490,516,59,0.004422664642333984
1000,50.0,10.0,18.69918699186992,492,514,94,0.0022466182708740234
1000,50.0,20.0,27.559055118110237,508,481,194,0.0012328624725341797
1000,75.0,0.0,18.774703557312254,506,757,0,0.004048824310302734
1000,75.0,1.0,15.95959595959596,495,709,9,0.0028362274169921875
1000,75.0,5.0,22.99794661190965,487,792,59,0.0028917789459228516
1000,75.0,10.0,23.2421875,512,754,84,0.0013761520385742188
1000,75.0,20.0,27.852998065764023,517,751,182,0.0027916431427001953
1000,100.0,0.0,24.279835390946502,486,1000,0,0.004583120346069336
1000,100.0,1.0,22.88659793814433,485,1000,10,0.0019450187683105469
1000,100.0,5.0,25.510204081632654,490,1000,45,0.005510807037353516
1000,100.0,10.0,34.21588594704684,491,1000,107,0.0
1000,100.0,20.0,31.72268907563025,476,1000,179,0.006379842758178711
